Name,Address,Lat,Long,Status,Status_Simple,Owner,Owner Type,Operator,Developer,Capacity MW electricity,Capacity MW gas,Capacity MW heat,Tonnes of waste pa,Typology Of Technology,Simple Renewable Technology  Type,Technology Provider,Potential Carbon Reduction (tonnes),Calculated Carbon Reduction (Tonnes per year),Conditions For Deployment,Timetable,Other Associated Infrastructure,Scale,Cost Of Deployment,Readiness Of Technology,Source of information,Date found,Found by
"Birmingham Bio Power Plant, Tylesey","Hay Mills, Tyseley, Birmingham",52.45444,-1.83406,Operating 2016,Operating,"Financed by an investment consortium comprised of Green Investment Bank (GIB), Balfour Beatty, Eternity Capital Management, Foresight’s UK Waste Resources and Energy Investments (UKWREI) fund, and Carbonarius’ GCP Infrastructure Fund (GCP).
GIB and GCP will provide debt financing of £12m ($19.9m) and £11m ($18.24m) respectively by way of preferred loans. The remaining cost will be met through £24.8m ($41.13m) of equity investment comprising of £6.2m ($10.28m) investment from GIB through Foresight’s UKWREI fund, Eternity Capital Management’s £6.2m ($10.28m) investment, and Balfour Beatty’s £12.4m ($20.5m) investment.",Commercial,"Tyseley Energy Park
Webster and Horsfall","Carbonarius, JV O-Gen UK and Una Group",10.3,,,72000,Gasification waste timber,Energy from Waste,"MTH / MWH Treatment.
Nexterra Gasification technology.",107000,27718,Operating,Construction 2014. Commissioning 2016.,Tyseley Energy Park,"10.3 MW electric.
17,000 UK households a year. The project is expected to create 100 jobs during construction and 19 permanent jobs during operation.","£47,800,000",Ready - 7 operating projects North America,https://www.power-technology.com/projects/birmingham-bio-power-plant-tyseley/ and https://www.energycapital.org.uk/news/tyseley-energy-park-investment-to-fuel-low-carbon-agenda/,14/8/18,Becki Clark
"Birmingham Low and Zero Carbon Refuelling Hub, Tyseley",Fordrough Webster & Horsfall South Yardley Birmingham B25 8DW,52.462953,-1.840649,Planning Permission Granted: 2016/06867/PA,Planned,"Financed by an investment consortium comprised of Green Investment Bank (GIB), Balfour Beatty, Eternity Capital Management, Foresight’s UK Waste Resources and Energy Investments (UKWREI) fund, and Carbonarius’ GCP Infrastructure Fund (GCP).
GIB and GCP will provide debt financing of £12m ($19.9m) and £11m ($18.24m) respectively by way of preferred loans. The remaining cost will be met through £24.8m ($41.13m) of equity investment comprising of £6.2m ($10.28m) investment from GIB through Foresight’s UKWREI fund, Eternity Capital Management’s £6.2m ($10.28m) investment, and Balfour Beatty’s £12.4m ($20.5m) investment.",Commercial,"Tyseley Energy Park
Webster and Horsfall","Carbonarius, JV O-Gen UK and Una Group

DACH Planning
Webster And Horsfall
Hay Mills
Birmingham
B25 8DW",,,,,Zero or Low Carbon Refuelling Hub,Zero / Low Carbon Refuelling Hub,"ITM Power - Hydrogen 
Compressed Natural Gas(CNG Fuels)
Biodiesel
150kw Electric Vehicle Rapid Chargers",,0,TBC - planning permission granted phase 2 of above project.,,"Tyseley Energy Park, Birmingham Bio Power Plant Tyseley",,,Ready,"https://www.tyseleyenergy.co.uk/tyseley-refuelling-hub/
https://www.energycapital.org.uk/tyseley-energy-park/",05/09/18,Jodie Schram
Birmingham 'Thermal Belt',Fordrough Webster & Horsfall South Yardley Birmingham B25 8DW,52.462953,-1.840649,Operating,Operating,"University of Birmingham/Birmingham Energy Institute 
Fraunhofer Institute",Commercial,Webster & Horsfall,"Professor Andreas Hornung
University of Birmingham/Birmingham Energy Institute",,,,,"Thermal Catalystic Reformer(TCR)
80kg p/h biomass or plastic residues into Bio Oil, Hydrogen, Rich Synthetic Gas, Bio Char for energy generation",Energy from Waste,Fraunhofer Instituite and University of Birmingham,,0,"1 Operational TCR, plans for 15-20 across the city.",,"Tyseley Energy Park, Birmingham Bio Power Plant Tyseley, Birmingham low or zero carbon refuelling hub",,Funded by £60m Innovate UK Energy Research Accelorator,Small Scale Ready,https://www.birmingham.ac.uk/research/activity/energy/events/Birmingham-–-Fraunhofer-Joint-Research-Platform-Launch-Event.aspx,06/09/18,Jodie Schram
"ICC Energy Centre, Broad Street Scheme ","Broad Street, B1 2HP",52.478694,-1.910786,Operating 2007,Operating,"Cofely - GDF SUEZ,  ENGIE - BDEC, BCC",Commercial,ENGIE - Under name Brimingham District Energy Company(BDEC),ENGIE and Birmingham City Council,3.6,,11.8,,"Tri-generator (heat, power and cooling) ",Trigeneration,ENGIE - BDEC,"3,000 tonnes carbon p/a",9688,Operating,,Birmingham District Energy Scheme,,£7million for the entire scheme ,Ready,http://www.engie.co.uk/wp-content/uploads/2016/12/birmingham-district-energy-cpc-online.pdf,12/09/18,Jodie Schram
Birmingham Children's Hospital(BCH) New Energy Scheme (Networked),"Steelhouse Lane, B4 6NH",52.484393,-1.893946,Operating 2010,Operating,"Cofely - GDF SUEZ,  ENGIE - BDEC, BCC",Commercial,ENGIE - Under name Brimingham District Energy Company(BDEC),ENGIE and Birmingham City Council,1.8,,1,,CHP system - Reciprocrating Engine,Combined heat and power,ENGIE - BDEC,"4,300 tonnes carbon p/a",4844,Operating,,Birmingham District Energy Scheme,,£7million for the entire scheme ,Ready,http://www.engie.co.uk/wp-content/uploads/2016/12/birmingham-district-energy-cpc-online.pdf,12/09/18,Jodie Schram
"Eastside Scheme, Jennens Road Energy Centre","Jennens Road, B4 7EN",52.484053,-1.886086,Operating 2009,Operating,"Cofely - GDF SUEZ,  ENGIE - BDEC, BCC",Commercial,ENGIE - Under name Brimingham District Energy Company(BDEC),ENGIE and Birmingham City Council,3.5,,14.3,,CHP system,Combined heat and power,ENGIE - BDEC,"5,300 tonnes carbon p/a",9419,Operating,,Birmingham District Energy Scheme,,£7million for the entire scheme ,Ready,http://www.engie.co.uk/wp-content/uploads/2016/12/birmingham-district-energy-cpc-online.pdf,12/09/18,Jodie Schram
Birmingham New Street ,"Birmingham New Street Station, B2 4QA",52.478314,-1.897923,Operating 2017,Operating,"Cofely - GDF SUEZ,  ENGIE - BDEC, BCC",Commercial,ENGIE - Under name Brimingham District Energy Company(BDEC),ENGIE and Birmingham City Council,1.6,,,,CHP system,Combined heat and power,ENGIE - BDEC,"3,000 tonnes carbon p/a",4306,Operating,,Birmingham District Energy Scheme,1.5km of pipe infrastructure,£4million,Ready,http://www.engie.co.uk/wp-content/uploads/2016/12/birmingham-district-energy-cpc-online.pdf,12/09/18,Jodie Schram
Birmingham Cycle Revolution,"Victoria Square, B1 1BB",52.479788,-1.902804,Phase 2 - Delivery 2016-2021,Planned,Birmingham City Council ,Council,Birmingham City Council ,Birmingham City Council ,,,,,,Cycle paths,,"target of 5% cycling by 2023
+ over 10% by 2033
Phase 2 - estimates a reduction of car traffic by 467931km p/a",0,"future roll out for 2023
already partially complete",,,99.5km of Cycle Routes 20 min Cycle Time Radius around Birmingham City Centre,"Phase 1 - £17m Funding secured - 2013 by the DfT grant Cycle City Ambition Grant +  BCC contribuition of £6m

Phase 2 investment - Local Growth Fund funding £6m + BCC contribuition of £2m",,https://www.birmingham.gov.uk/downloads/file/7825/bcr_phase_2_-_transport_scheme_business_case,11/09/18,Jodie Schram
Jewellery Quarter Proposal BuroHappold Engineering,"Carver Street, Jewellery Quarter, B1",52.485794,-1.915435,Proposal,Potential,,Commercial,,,,1.4,,,"1.2km heat netwrok
CHP 
plus leak load gas boilers ",Combined heat and power,Proposed by BuroHappold,,2506,"Proposal would require funding, development and operator 
energy centre estimated cost £5mn
no positive NPV after 25years however could generate up to 7% IRR if a private electrivity sales arrangement was possible. ",Initial Proposal from BuroHappold Engineering to BCC on 03/03/15,,,energy centre estimated £5mn,Ready,Birmingham Decentralised Energy Mapping - produced for BCC by Burohappold Engineering,12/09/18,Jodie Schram
Ecopod Energy,"Kendal Tower, Malins Road, Metchley Grange Estate, Harborne, B17 0JZ",52.456043,-1.946702,Operating ,Operating,Birmingham City Council,Council,"There is currently a £60 million maintenance contract in place across the cities four quadrants, divided between Keepmoat, Wates and Fortem.",Ecopod Energy System,0.6,0.038,,,Modulating Energy Efficient Boilers and Gas Absorption Heat pumps,Heat pump,Ecopod Energy Systems,"90,000 tonnes of CO2 over the life of the project.",1683,Operating,,,Overal 25 Ecopods installed across Birmingham Tower Blocks,,,HECA 2017 SB BCC Report,27/09/18,Jodie Schram
Ecopod Energy,"Methley House, Bantock Way, Birmingham, B17 0JD",52.455614,-1.946556,Operating,Operating,Birmingham City Council,Council,"There is currently a £60 million maintenance contract in place across the cities four quadrants, divided between Keepmoat, Wates and Fortem.",Ecopod Energy System,0.6,0.038,,,Modulating Energy Efficient Boilers and Gas Absorption Heat pumps,Heat pump,Ecopod Energy Systems,"90,000 tonnes of CO2 over the life of the project.",1683,Operating,,,Overal 25 Ecopods installed across Birmingham Tower Blocks,,,HECA 2017 SB BCC Report,27/09/18,Jodie Schram
Ecopod Energy,"Derwent House, Bantock Way, Birmingham, B17 0JD",52.455133,-1.946989,Operating,Operating,Birmingham City Council,Council,"There is currently a £60 million maintenance contract in place across the cities four quadrants, divided between Keepmoat, Wates and Fortem.",Ecopod Energy System,0.6,0.038,,,Modulating Energy Efficient Boilers and Gas Absorption Heat pumps,Heat pump,Ecopod Energy Systems,"90,000 tonnes of CO2 over the life of the project.",1683,Operating,,,Overal 25 Ecopods installed across Birmingham Tower Blocks,,,HECA 2017 SB BCC Report,27/09/18,Jodie Schram
Ecopod Energy,"Coniston House, Bantock Way, B17 0JG",52.454524,-1.946965,Operating ,Operating,Birmingham City Council,Council,"There is currently a £60 million maintenance contract in place across the cities four quadrants, divided between Keepmoat, Wates and Fortem.",Ecopod Energy System,0.6,0.038,,,Modulating Energy Efficient Boilers and Gas Absorption Heat pumps,Heat pump,Ecopod Energy Systems,"90,000 tonnes of CO2 over the life of the project.",1683,Operating,,,Overal 25 Ecopods installed across Birmingham Tower Blocks,,,HECA 2017 SB BCC Report,27/09/18,Jodie Schram
Ecopod Energy,"Dowry House, 389 Rubery Lane, Rubery, Birmingham, B45 9SH",52.400135,-2.018522,Operating,Operating,Birmingham City Council,Council,"There is currently a £60 million maintenance contract in place across the cities four quadrants, divided between Keepmoat, Wates and Fortem.",Ecopod Energy System,0.6,0.038,,,Modulating Energy Efficient Boilers and Gas Absorption Heat pumps,Heat pump,Ecopod Energy Systems,"90,000 tonnes of CO2 over the life of the project.",1683,Operating,,,Overal 25 Ecopods installed across Birmingham Tower Blocks,,,HECA 2017 SB BCC Report,27/09/18,Jodie Schram
Ecopod Energy,"Hillside House, Cock Hill Lane, Rubery, Rednal, Birmingham, B45 9RU",52.399436,-2.018212,Operating,Operating,Birmingham City Council,Council,"There is currently a £60 million maintenance contract in place across the cities four quadrants, divided between Keepmoat, Wates and Fortem.",Ecopod Energy System,0.6,0.038,,,Modulating Energy Efficient Boilers and Gas Absorption Heat pumps,Heat pump,Ecopod Energy Systems,"90,000 tonnes of CO2 over the life of the project.",1683,Operating,,,Overal 25 Ecopods installed across Birmingham Tower Blocks,,,HECA 2017 SB BCC Report,27/09/18,Jodie Schram
Ecopod Energy,"Quarry House, Cock Hill Lane, Rubery, Rednal, Birmingham, B45 9RU",52.398948,-2.017876,Operating,Operating,Birmingham City Council,Council,"There is currently a £60 million maintenance contract in place across the cities four quadrants, divided between Keepmoat, Wates and Fortem.",Ecopod Energy System,0.6,0.038,,,Modulating Energy Efficient Boilers and Gas Absorption Heat pumps,Heat pump,Ecopod Energy Systems,"90,000 tonnes of CO2 over the life of the project.",1683,Operating,,,Overal 25 Ecopods installed across Birmingham Tower Blocks,,,HECA 2017 SB BCC Report,27/09/18,Jodie Schram
Ecopod Energy,"Redworth House, Deelands Road, Rubery, B45 9RT",52.396654,-2.017285,Operating,Operating,Birmingham City Council,Council,"There is currently a £60 million maintenance contract in place across the cities four quadrants, divided between Keepmoat, Wates and Fortem.",Ecopod Energy System,0.6,0.038,,,Modulating Energy Efficient Boilers and Gas Absorption Heat pumps,Heat pump,Ecopod Energy Systems,"90,000 tonnes of CO2 over the life of the project.",1683,Operating,,,Overal 25 Ecopods installed across Birmingham Tower Blocks,,,HECA 2017 SB BCC Report,27/09/18,Jodie Schram
Ecopod Energy,"Rushmore House, Cock Hill Lane, Rubery, Birmingham, B45 9RU",52.396268,-2.016888,Operating,Operating,Birmingham City Council,Council,"There is currently a £60 million maintenance contract in place across the cities four quadrants, divided between Keepmoat, Wates and Fortem.",Ecopod Energy System,0.6,0.038,,,Modulating Energy Efficient Boilers and Gas Absorption Heat pumps,Heat pump,Ecopod Energy Systems,"90,000 tonnes of CO2 over the life of the project.",1683,Operating,,,Overal 25 Ecopods installed across Birmingham Tower Blocks,,,HECA 2017 SB BCC Report,27/09/18,Jodie Schram
Ecopod Energy,"Geach Tower, Uxbridge Street, Birmingham, B19 3UP",52.493312,-1.904661,Operating,Operating,Carillion?,Council,"There is currently a £60 million maintenance contract in place across the cities four quadrants, divided between Keepmoat, Wates and Fortem.",Ecopod Energy System,0.6,0.038,,,Modulating Energy Efficient Boilers and Gas Absorption Heat pumps,Heat pump,Ecopod Energy Systems,"90,000 tonnes of CO2 over the life of the project.",1683,Operating,,,Overal 25 Ecopods installed across Birmingham Tower Blocks,,,HECA 2017 SB BCC Report,27/09/18,Jodie Schram
Ecopod Energy,"Martineau Tower, Uxbridge Street, Birmingham, B19 3UJ",52.493048,-1.902512,Operating,Operating,Carillion?,Council,"There is currently a £60 million maintenance contract in place across the cities four quadrants, divided between Keepmoat, Wates and Fortem.",Ecopod Energy System,0.6,0.038,,,Modulating Energy Efficient Boilers and Gas Absorption Heat pumps,Heat pump,Ecopod Energy Systems,"90,000 tonnes of CO2 over the life of the project.",1683,Operating,,,Overal 25 Ecopods installed across Birmingham Tower Blocks,,,HECA 2017 SB BCC Report,27/09/18,Jodie Schram
Ecopod Energy,"Scholefield Tower, Uxbridge Street, Birmingham, B19 3UN",52.493193,-1.903566,Operating,Operating,Carillion?,Council,"There is currently a £60 million maintenance contract in place across the cities four quadrants, divided between Keepmoat, Wates and Fortem.",Ecopod Energy System,0.6,0.038,,,Modulating Energy Efficient Boilers and Gas Absorption Heat pumps,Heat pump,Ecopod Energy Systems,"90,000 tonnes of CO2 over the life of the project.",1683,Operating,,,Overal 25 Ecopods installed across Birmingham Tower Blocks,,,HECA 2017 SB BCC Report,27/09/18,Jodie Schram
Housing Development,"Icknield Port Loop (IPL) bounded by Ladywood Middleway, Icknield Port Road and Wiggin Street Ladywood Birmingham B16",52.483373,-1.93088,Construction,Potential,JV Urban Splash and Places for People,Commercial,,,,,,,Housing Development,Potential development opportunity,,,0,,,,"1,150 new homes, as well as commercial property and community facilities across the 43 acre site.",,,,,Becki Clark
Fort Parkway Energy,Fort Industrial Park Dunlop Way Castle Bromwich Birmingham B35 7RB,52.511168,-1.803266,Planning Permission Granted: 2017/00256/PA,Planned,Rolton Kilbride,Commercial,Not specified,Rolton Kilbride,8.6,,,,Gasification ,Energy from Waste,Kobelco Eco-Solutions,,23143,"105,000 tonnes of waste per year - residual and refuse derived fuel.",2017 granted planning permission. No further work.,,"Energy for  15,000 homes per year",,,,3/10/18,Becki Clark
New Energy Centre for the Hospital ,Sandwell & West Birmingham Hospitals NHS Trust - City Hospital Dudley Road Birmingham B18 7QH,52.489429,-1.93154,Planning Permission Granted: 2016/07175/PA,Planned,Sandwell & West Birmingham Hospitals NHS Trust,NHS,Not specified,RPS Planning & Development,,,,,"4 HV Substations - 2 City Hospital & 2 WPD
4 Generators",Substations,WPD in part,,0,,,,,,,,,
Energy Centre,"135 - 137, Digbeth, Birmingham, B5 6DR ",52.476916,-1.892106,21 August 2009. Application 2009/00295/PA.,Operating,Salhia Investments (Birmingham) limited/HSBC Bank,NHS,,Architect: Trevor Horne Architects,,,,,"Energy centre using an Aquifer Thermal Energy Storage system (ATES), CHP. BREEAM Standard - Sustainability level 4 homes",Battery,,,0,,,,,,,,,
Advanced Thermal Conversion Technology and AD,Washwood Heath Freight Yard North Of Common Lane Washwood Heath Birmingham B8 2SQ,52.502313,-1.840871,Planning Permission Granted 2015/06588/PA,Operating,,Private,,,10,,,,Advanced Thermal Conversion and Anaerobic Digestion - 8MWe Energy from Waste and 2MWe AD,Energy from Waste,,,26911,,,,"195,000 tonnes per annum of waste

An 8MWe (megawatt electrical) Pyrolysis Advanced Conversion Technology
(ACT) plant which would recover approximately 128,000 tonnes of Municipal Solid Waste (MSW) and Commercial and Industrial Waste (C&I) per annum.
A 2MWe (megawatt electrical) Anaerobic Digestion (AD) facility which would recover approximately 67,000 tonnes of green (pure biomass) waste per annum.",,,,,Becki Clark
Smurfit Kappa SSK AD,B7 5RE,52.49688,-1.863391,Operating since 2012,Operating,Smurfit Kappa,Private,Smurfit Kappa,Smurfit Kappa UK Ltd,0.808,,,20000,"CHP from paper mill effluent, 20,000tpa",Energy from Waste,,,2174,,,,,,,https://www.google.com/maps/d/u/0/viewer?mid=1Qf92NTQfp73mglljO7i9YdoOMKk&ll=52.446041831445655%2C-2.0045622992163317&z=10,3/10/18,Becki Clark
Coleshill Sewage Treatment Works,B46 1DA,52.518572,-1.713052,Operating since 2014,Operating,,Private,,Severn Trent Water,2.3,,,50000,"CHP waste organic fraction of MSW and C&I waste and energy crops, 50,000tpa.",Energy from Waste,,,6189,,,,,,,https://www.google.com/maps/d/u/0/viewer?mid=1Qf92NTQfp73mglljO7i9YdoOMKk&ll=52.48181042883584%2C-1.7594298529272692&z=10,3/10/18,Becki Clark
Brookfield Farm,DY9 0DL,52.394156,-2.130206,Operating since 2017,Operating,,Private,,OMNI Heat and Power,0.052,,,8000,"CHP Farm fed with 8,000tpa cattle slurry.",Energy from Waste,,,140,,,,,,,https://www.google.com/maps/d/u/0/viewer?mid=1Qf92NTQfp73mglljO7i9YdoOMKk&ll=52.45754952167613%2C-2.001129071677269&z=9,3/10/18,Becki Clark
Packington Generation Plant Phase 3,"Packington House, Packington Ln, Meriden, Coventry CV7 7HN",52.46351,-1.684111,1st December 2005,Operating,Energy Developments UK / SITA UK,Commercial,,,8.47,,,,Landfill gas,Landfill Gas,,,22793,,,,,,,,,
New School (PFI) Energy Centre,"Plantsbrook School, Upper Holland Road, Sutton Coldfield, Birmingham, B72 1RB",52.559067,-1.819316,Planning Permission Granted 2015/02634/PA,Operating,Carillion Construction Ltd,Commercial,,Seymour Harris Architecture,,,,,"Solar PV Roof Mounted
Gas Fired micro-CHP Unit",Photovoltaics,,,0,,,,,,,,11/10/18,Jodie Schram
Gas Turbine - CHP,"Heartlands Parkway, Birmingham B7 5AR",52.495223,-1.864485,Operational,Operating,Smurfit Kappa SSK,Commercial,Smurfit Kappa SSK,,8.7,,8.6,,CHP - Gas Turbine,Combined heat and power,,,23412,,,,"Gas turbine
Electrical Generation Capacity (kWe) 8,700
Predicted annual Heat Generation (MWh) 75,450",,,,12/10/18,Jodie Schram
"Gas Turbine - CHP
University of Birmingham","University of Birmingham, B15 2TT",52.450726,-1.930544,Operational,Operating,University of Birmingham ,Private,Veolia,,5.9,,5.9,,CHP - Gas Turbine,Combined heat and power,,CHP system is estimated to save the university 550 tonnes of CO2 emissions per annum,15877,,,,"375kWe CHP
Electrical Generation Capacity (kWe) 5,913
Predicted Annual Heat Generation (MWh) 51,280",,,,12/10/18,Jodie Schram
Birmingham Marriott Hotel CHP,"Five Ways, 12 Hagley Rd, Birmingham B16 8SJ",52.472261,-1.91958,Operational,Operating,Marriot Hotel ,Commercial,,,0.165,,0.11,,Reciprocating engine - CHP,Combined heat and power,,,444,,,,"Electrical Generation Capacity (kWe) 165
Predicted Annual Heat Generation (MWh) 954",,,,12/10/18,Jodie Schram
Birmingham Womens Hospital CHP ,"Birmingham Womens Hospital, Birmingham B15 2TG",52.453323,-1.942915,Operational,Operating,,NHS,,,0.375,,0.25,,Reciprocating engine - CHP,Combined heat and power,,,1009,,,,"Electrical Generation Capacity (kWe) 375
Predicted Annual Heat Generation (MWh) 2,168",,,,15/10/18,Jodie Schram
Tesco Birmingham Springhill Brookfield 6227,"Camden St, Hockley, B18 7BH",52.485351,-1.919773,Operational,Operating,,Commercial,,,0.122,,0.08,,reciprocating engine - CHP,Combined heat and power,,,328,,,,"Electrical Generation Capacity (KWe) 122
Predicted Annual Heat Generation (MWh) 705 ",,,,15/10/18,Jodie Schram
Tesco Yardley 6463,"Swan Shopping Centre, Coventry Rd, Birmingham, B26 1AD",52.462223,-1.813572,Operational ,Operating,,Commercial,,,0.124,,0.08,,reciprocating engine - CHP,Combined heat and power,,,334,,,,"Electrical Generation Capacity (kWe) 124 
Predicted Annual Heat Generation (MWh) 717",,,,15/10/18,Jodie Schram
Birmingham Heartlands Hospital ,"Bordesley Green E, Birmingham B9 5SS",52.478728,-1.8299,Operational ,Operating,NHS,NHS,,,1.165,,0.7689497717,,Gas Engine - CHP,Combined heat and power,,,3135,,,,"Electrical Generation Capacity (kWe) 1,165
Predited Annual Heat Generation (MWh) 6,736",,,,15/10/18,Jodie Schram
Birmingham Life Sciences Park,"Former Birmingham Battery Site Land between Bristol Road, Harborne Lane and Aston Webb Boulevard Selly Oak Birmingham",52.444367,-1.939696,Outline planning granted 2013/02178/PA,Planned,University of Birmingham,Private,GVA,To be confirmed,,,,,,Potential development opportunity,,,0,Finding a development partner. Yet to be  built.,"Following selection of a development partner, the Life Sciences Campus will undergo a phased delivery with a target for commencement of works in January 2020.",,54 000 sq m (580 000 sq ft) facilities,,,https://www.birmingham.ac.uk/news/latest/2018/10/birmingham-life-sciences-park-partner-GVA.aspx and https://eplanning.birmingham.gov.uk/Northgate/PlanningExplorer/Generic/StdDetails.aspx?TYPE=PL/PlanningPK.xml&PARAM0=587345&XSLT=/Northgate/PlanningExplorer/SiteFiles/Skins/Birmingham/xslt/PL/PLDetails.xslt&FT=Planning%20Application%20Details&PUBLIC=Y&DAURI=PLANNING,31/10/18,Becki Clark
Birmingham Smithfield Enterprise Zone,Birmingham Smithfield,52.474326,-1.892427,Approved Planning Policy.,Potential,Birmingham City Council ?,Council,,,,,,,,Potential development opportunity,,,0,Part of planning policy and masterplan created. Needs investment and developers.,,,"14 to 17 hectares to be regenerated - leisure, entertainment, 2,000 homes, public square, spaces.",,,http://www.birmingham-smithfield.co.uk/,31/10/18,Becki Clark
Southern Gateway,Birmingham Smithfield,52.475541,-1.891879,Part of Smithfield masterplan but no details,Potential,Birmingham City Council ?,Council,,,,,,,,Potential development opportunity,,,0,Part of masterplan for Smithfield,,Birmingham Smithfield,"61 hectares to be regenerated, residential and 5,000 homes",,,http://www.birmingham-smithfield.co.uk/the-location/,31/10/18,Becki Clark
East Birmingham and North Solihull Regeneration Zone,North Solihull,52.495339,-1.741785,Defined zone in planning guidance and the Regional Economic Strategy,Potential,Birmingham City Council ?,Council,,"A new regeneration company will be set up comprising Solihull Metropolitan Borough Council, InPartnership Ltd, Bellway Homes Ltd and Whitefriars Housing in early 2005. Plans are currently being developed based upon the Strategic Framework.",,,,,,Potential development opportunity,,,0,"A sustainable future for North Solihull will be dependent on its integration with the wider area. Success will grow from local strengths and a targeted regeneration strategy to improve the quality and range of residential accommodation, healthcare, education and other services and the general quality of the environment and infrastructure provision. ",Regeneration timetable will take 15 years +,HS2,,,,http://www.northsolihull.co.uk/wp-content/uploads/2015/05/North-Solihull-Strategic-Framework-Document.pdf,31/10/18,Becki Clark
Aggregate PV Domestic and Commercial,B1,52.4795,-1.90764,Installed and operating,Operating,"Private, Commercial, Council.",Mixture,N/A,Various,0.01998,,,,Photovoltaics,Photovoltaics,,,54,,,,,,,,,
Aggregate PV Domestic and Commercial,B10,52.4701,-1.85329,Installed and operating,Operating,"Private, Commercial, Council.",Mixture,N/A,Various,0.09848,,,,Photovoltaics,Photovoltaics,,,265,,,,,,,,,
Aggregate PV Domestic and Commercial,B11,52.4554,-1.85995,Installed and operating,Operating,"Private, Commercial, Council.",Mixture,N/A,Various,0.29707,,,,Photovoltaics,Photovoltaics,,,799,,,,,,,,,
Aggregate PV Domestic and Commercial,B12,52.4609,-1.88253,Installed and operating,Operating,"Private, Commercial, Council.",Mixture,N/A,Various,0.1268,,,,Photovoltaics,Photovoltaics,,,341,,,,,,,,,
Aggregate PV Domestic and Commercial,B13,52.4352,-1.88246,Installed and operating,Operating,"Private, Commercial, Council.",Mixture,N/A,Various,0.29075,,,,Photovoltaics,Photovoltaics,,,782,,,,,,,,,
Aggregate PV Domestic and Commercial,B14,52.4188,-1.89026,Installed and operating,Operating,"Private, Commercial, Council.",Mixture,N/A,Various,0.37586,,,,Photovoltaics,Photovoltaics,,,1011,,,,,,,,,
Aggregate PV Domestic and Commercial,B15,52.4679,-1.92354,Installed and operating,Operating,"Private, Commercial, Council.",Mixture,N/A,Various,0.18263,,,,Photovoltaics,Photovoltaics,,,491,,,,,,,,,
Aggregate PV Domestic and Commercial,B16,52.4755,-1.93248,Installed and operating,Operating,"Private, Commercial, Council.",Mixture,N/A,Various,0.10136,,,,Photovoltaics,Photovoltaics,,,273,,,,,,,,,
Aggregate PV Domestic and Commercial,B17,52.4615,-1.96295,Installed and operating,Operating,"Private, Commercial, Council.",Mixture,N/A,Various,0.12158,,,,Photovoltaics,Photovoltaics,,,327,,,,,,,,,
Aggregate PV Domestic and Commercial,B18,52.4915,-1.92273,Installed and operating,Operating,"Private, Commercial, Council.",Mixture,N/A,Various,0.20061,,,,Photovoltaics,Photovoltaics,,,540,,,,,,,,,
Aggregate PV Domestic and Commercial,B19,52.4963,-1.90616,Installed and operating,Operating,"Private, Commercial, Council.",Mixture,N/A,Various,0.04528,,,,Photovoltaics,Photovoltaics,,,122,,,,,,,,,
Aggregate PV Domestic and Commercial,B20,52.5134,-1.91886,Installed and operating,Operating,"Private, Commercial, Council.",Mixture,N/A,Various,0.16267,,,,Photovoltaics,Photovoltaics,,,438,,,,,,,,,
Aggregate PV Domestic and Commercial,B21,52.5051,-1.93640,Installed and operating,Operating,"Private, Commercial, Council.",Mixture,N/A,Various,0.14792,,,,Photovoltaics,Photovoltaics,,,398,,,,,,,,,
Aggregate PV Domestic and Commercial,B23,52.5277,-1.85183,Installed and operating,Operating,"Private, Commercial, Council.",Mixture,N/A,Various,0.50776,,,,Photovoltaics,Photovoltaics,,,1366,,,,,,,,,
Aggregate PV Domestic and Commercial,B24,52.5196,-1.82890,Installed and operating,Operating,"Private, Commercial, Council.",Mixture,N/A,Various,0.20755,,,,Photovoltaics,Photovoltaics,,,559,,,,,,,,,
Aggregate PV Domestic and Commercial,B25,52.4618,-1.82584,Installed and operating,Operating,"Private, Commercial, Council.",Mixture,N/A,Various,0.18925,,,,Photovoltaics,Photovoltaics,,,509,,,,,,,,,
Aggregate PV Domestic and Commercial,B26,52.4608,-1.79293,Installed and operating,Operating,"Private, Commercial, Council.",Mixture,N/A,Various,0.10194,,,,Photovoltaics,Photovoltaics,,,274,,,,,,,,,
Aggregate PV Domestic and Commercial,B27,52.4458,-1.82375,Installed and operating,Operating,"Private, Commercial, Council.",Mixture,N/A,Various,0.18867,,,,Photovoltaics,Photovoltaics,,,508,,,,,,,,,
Aggregate PV Domestic and Commercial,B28,52.4278,-1.84322,Installed and operating,Operating,"Private, Commercial, Council.",Mixture,N/A,Various,0.13857,,,,Photovoltaics,Photovoltaics,,,373,,,,,,,,,
Aggregate PV Domestic and Commercial,B29,52.4377,-1.94599,Installed and operating,Operating,"Private, Commercial, Council.",Mixture,N/A,Various,0.19957,,,,Photovoltaics,Photovoltaics,,,537,,,,,,,,,
Aggregate PV Domestic and Commercial,B30,52.4212,-1.92810,Installed and operating,Operating,"Private, Commercial, Council.",Mixture,N/A,Various,0.12241,,,,Photovoltaics,Photovoltaics,,,329,,,,,,,,,
Aggregate PV Domestic and Commercial,B31,52.4092,-1.97308,Installed and operating,Operating,"Private, Commercial, Council.",Mixture,N/A,Various,0.39557,,,,Photovoltaics,Photovoltaics,,,1065,,,,,,,,,
Aggregate PV Domestic and Commercial,B32,52.4508,-1.99446,Installed and operating,Operating,"Private, Commercial, Council.",Mixture,N/A,Various,0.33995,,,,Photovoltaics,Photovoltaics,,,915,,,,,,,,,
Aggregate PV Domestic and Commercial,B33,52.4807,-1.78786,Installed and operating,Operating,"Private, Commercial, Council.",Mixture,N/A,Various,0.30376,,,,Photovoltaics,Photovoltaics,,,817,,,,,,,,,
Aggregate PV Domestic and Commercial,B34,52.4957,-1.78168,Installed and operating,Operating,"Private, Commercial, Council.",Mixture,N/A,Various,0.17292,,,,Photovoltaics,Photovoltaics,,,465,,,,,,,,,
Aggregate PV Domestic and Commercial,B35,52.5173,-1.78995,Installed and operating,Operating,"Private, Commercial, Council.",Mixture,N/A,Various,0.13628,,,,Photovoltaics,Photovoltaics,,,367,,,,,,,,,
Aggregate PV Domestic and Commercial,B36,52.5045,-1.77986,Installed and operating,Operating,"Private, Commercial, Council.",Mixture,N/A,Various,0.10785,,,,Photovoltaics,Photovoltaics,,,290,,,,,,,,,
Aggregate PV Domestic and Commercial,B37,52.4784,-1.74183,Installed and operating,Operating,"Private, Commercial, Council.",Mixture,N/A,Various,0.00716,,,,Photovoltaics,Photovoltaics,,,19,,,,,,,,,
Aggregate PV Domestic and Commercial,B38,52.4010,-1.93407,Installed and operating,Operating,"Private, Commercial, Council.",Mixture,N/A,Various,0.19678,,,,Photovoltaics,Photovoltaics,,,530,,,,,,,,,
Aggregate PV Domestic and Commercial,B42,52.5346,-1.90515,Installed and operating,Operating,"Private, Commercial, Council.",Mixture,N/A,Various,0.16339,,,,Photovoltaics,Photovoltaics,,,440,,,,,,,,,
Aggregate PV Domestic and Commercial,B43,52.5476,-1.92825,Installed and operating,Operating,"Private, Commercial, Council.",Mixture,N/A,Various,0.01242,,,,Photovoltaics,Photovoltaics,,,33,,,,,,,,,
Aggregate PV Domestic and Commercial,B44,52.5450,-1.88567,Installed and operating,Operating,"Private, Commercial, Council.",Mixture,N/A,Various,0.23961,,,,Photovoltaics,Photovoltaics,,,645,,,,,,,,,
Aggregate PV Domestic and Commercial,B45,52.3886,-2.00864,Installed and operating,Operating,"Private, Commercial, Council.",Mixture,N/A,Various,0.18279,,,,Photovoltaics,Photovoltaics,,,492,,,,,,,,,
Aggregate PV Domestic and Commercial,B5,52.4722,-1.89687,Installed and operating,Operating,"Private, Commercial, Council.",Mixture,N/A,Various,0.10419,,,,Photovoltaics,Photovoltaics,,,280,,,,,,,,,
Aggregate PV Domestic and Commercial,B6,52.5024,-1.88693,Installed and operating,Operating,"Private, Commercial, Council.",Mixture,N/A,Various,0.31299,,,,Photovoltaics,Photovoltaics,,,842,,,,,,,,,
Aggregate PV Domestic and Commercial,B62,52.4597,-2.03698,Installed and operating,Operating,"Private, Commercial, Council.",Mixture,N/A,Various,0.008,,,,Photovoltaics,Photovoltaics,,,22,,,,,,,,,
Aggregate PV Domestic and Commercial,B7,52.4938,-1.87438,Installed and operating,Operating,"Private, Commercial, Council.",Mixture,N/A,Various,0.14462,,,,Photovoltaics,Photovoltaics,,,389,,,,,,,,,
Aggregate PV Domestic and Commercial,B72,52.5545,-1.82364,Installed and operating,Operating,"Private, Commercial, Council.",Mixture,N/A,Various,0.07407,,,,Photovoltaics,Photovoltaics,,,199,,,,,,,,,
Aggregate PV Domestic and Commercial,B73,52.5593,-1.83769,Installed and operating,Operating,"Private, Commercial, Council.",Mixture,N/A,Various,0.11648,,,,Photovoltaics,Photovoltaics,,,313,,,,,,,,,
Aggregate PV Domestic and Commercial,B74,52.5824,-1.85733,Installed and operating,Operating,"Private, Commercial, Council.",Mixture,N/A,Various,0.12148,,,,Photovoltaics,Photovoltaics,,,327,,,,,,,,,
Aggregate PV Domestic and Commercial,B75,52.5778,-1.81125,Installed and operating,Operating,"Private, Commercial, Council.",Mixture,N/A,Various,0.4209,,,,Photovoltaics,Photovoltaics,,,1133,,,,,,,,,
Aggregate PV Domestic and Commercial,B76,52.5447,-1.78995,Installed and operating,Operating,"Private, Commercial, Council.",Mixture,N/A,Various,0.16351,,,,Photovoltaics,Photovoltaics,,,440,,,,,,,,,
Aggregate PV Domestic and Commercial,B8,52.4900,-1.84277,Installed and operating,Operating,"Private, Commercial, Council.",Mixture,N/A,Various,0.10469,,,,Photovoltaics,Photovoltaics,,,282,,,,,,,,,
Aggregate PV Domestic and Commercial,B9,52.4781,-1.85281,Installed and operating,Operating,"Private, Commercial, Council.",Mixture,N/A,Various,0.24906,,,,Photovoltaics,Photovoltaics,,,670,,,,,,,,,
Aston Street,"60 Aston Street, Birmingham, West Midlands, B4 7ET",52.486040,-1.889850,Installed and operating,Operating,Commercial,Commercial,Charge Your Car,,,,,,EV Charging Point,EV Charging Point,2 x  7kW 32A  Type 2 Mennekes,"Mileage travelled by Council Fleet pa is e.g. 10,000 miles per year per vehicle e.g. 60? NOTE - account for this only once in this spreadsheet.",,,,,,,,ZapMap,7/11/18,Becki Clark
Millenium Point Car Park,"Howe Street, Birmingham, West Midlands, B4 7AP",52.484390,-1.885330,Installed and operating,Operating,Council,Council,"POLAR, Plugged-in Midlands",,,,,,EV Charging Point,EV Charging Point,2 x  7kW 32A  Type 2 Mennekes,,,,,,,,,ZapMap,7/11/18,Becki Clark
The Priory Rooms Meeting and Conference Centre,"40 Bull Street, Birmingham, West Midlands, B4 6AF1",52.482010,-1.896400,Installed and operating,Operating,Commercial,Commercial,ZeroNet,,,,,,EV Charging Point,EV Charging Point,"1 x  3kW 13A  3-Square pin, 1 x  7kW 32A  Type 2 Mennekes",,,,,,,,,ZapMap,7/11/18,Becki Clark
Saren Engineering Birmingham,"43 Great Lister Street, Birmingham, West Midlands, B7 4LW",52.489690,-1.883610,Installed and operating,Operating,Commercial,Commercial,Other,,,,,,EV Charging Point,EV Charging Point,1 x  3kW 16A  Type 1 Yazaki,,,,,,,,,ZapMap,7/11/18,Becki Clark
Lodge Tyres,"Unit 2 Adam Street, Nechells, Birmingham, West Midlands, B7 4DH",52.496750,-1.881160,Installed and operating,Operating,Commercial,Commercial,Other,,,,,,EV Charging Point,EV Charging Point,3 x  22kW 32A Type 2 Mennekes,,,,,,,,,ZapMap,7/11/18,Becki Clark
Livery Street (Snow Hill),"Livery Street (Snow Hill), Birmingham, West Midlands, B3 2BJ",52.485250,-1.902500,Installed and operating,Operating,Commercial,Commercial,POLAR,,,,,,EV Charging Point,EV Charging Point,2 x  7kW 32A  Type 2 Mennekes,,,,,,,,,ZapMap,7/11/18,Becki Clark
Temple Row,"Temple Row, Birmingham, West Midlands, B2 5NY",52.480900,-1.899710,Installed and operating,Operating,Council,Council,"POLAR, Plugged-in Midlands",,,,,,EV Charging Point,EV Charging Point,2 x  22kW 32A Type 2 Mennekes,,,,,,,,,ZapMap,7/11/18,Becki Clark
Bullring Car Park,"Park Street, Birmingham, West Midlands, B5 4BP",52.478330,-1.892440,Installed and operating,Operating,Council,Council,"POLAR, Plugged-in Midlands",,,,,,EV Charging Point,EV Charging Point,"2 x  3kW 16A  Type 2 Mennekes, 2 x  7kW 32A  Type 2 Mennekes",,,,,,,,,ZapMap,7/11/18,Becki Clark
Margaret Street,"Margaret Street, Birmingham, West Midlands, B3 3BX",52.481150,-1.903730,Installed and operating,Operating,Council,Council,"POLAR, Plugged-in Midlands",,,,,,EV Charging Point,EV Charging Point,2 x  22kW 32A Type 2 Mennekes,,,,,,,,,ZapMap,7/11/18,Becki Clark
Bullring Shopping Centre,"Section 2G and 2F, Main Centre Car Park, Birmingham, West Midlands, B5 4BU",52.578360,-1.879410,Installed and operating,Operating,Commercial,Commercial,POD Point Open Charge,,,,,,EV Charging Point,EV Charging Point,"6 x  7kW 32A  Type 2 Mennekes, 2 x  22kW 32A Type 2 Mennekes",,,,,,,,,ZapMap,7/11/18,Becki Clark
Dudley Street Car Park,"Dudley Street, Birmingham, West Midlands, B5 4PJ",52.476490,-1.896940,Installed and operating,Operating,Council,Council,"POLAR, Plugged-in Midlands",,,,,,EV Charging Point,EV Charging Point,2 x  7kW 32A  Type 2 Mennekes,,,,,,,,,ZapMap,7/11/18,Becki Clark
Moat Lane Car Park,"Moat Lane, Birmingham, West Midlands, B5 5BD",52.475750,-1.890750,Installed and operating,Operating,Council,Council,"POLAR, Plugged-in Midlands",,,,,,EV Charging Point,EV Charging Point,2 x  7kW 32A  Type 2 Mennekes,,,,,,,,,ZapMap,7/11/18,Becki Clark
Town Hall Car Park,"Brunel Street, Birmingham, West Midlands, B5 4AF",52.477900,-1.901920,Installed and operating,Operating,Council,Council,"POLAR, Plugged-in Midlands",,,,,,EV Charging Point,EV Charging Point,2 x  7kW 32A  Type 2 Mennekes,,,,,,,,,ZapMap,7/11/18,Becki Clark
Brindley Drive Car Park,"Paradise Circus, Brindley Drive, Birmingham, West Midlands, B1 2NB",52.480650,-1.909090,Installed and operating,Operating,Council,Council,"POLAR, Plugged-in Midlands",,,,,,EV Charging Point,EV Charging Point,2 x  3kW 16A  Type 2 Mennekes,,,,,,,,,ZapMap,7/11/18,Becki Clark
Pershore Street Car Park,"Pershore Street, Birmingham, West Midlands, B5 6PA",52.473270,-1.893890,Installed and operating,Operating,Council,Council,"POLAR, Plugged-in Midlands",,,,,,EV Charging Point,EV Charging Point,2 x  7kW 32A  Type 2 Mennekes,,,,,,,,,ZapMap,7/11/18,Becki Clark
Jewellery Quarter Car Park,"Vyse Street, Birmingham, West Midlands, B18 6LP",52.491420,-1.911240,Installed and operating,Operating,Council,Council,"POLAR, Plugged-in Midlands",,,,,,EV Charging Point,EV Charging Point,2 x  7kW 32A  Type 2 Mennekes,,,,,,,,,ZapMap,7/11/18,Becki Clark
Q Park Brindley Place,"1 Brunswick Street, Birmingham, West Midlands, B1 2JF",52.477680,-1.914550,Installed and operating,Operating,Commercial,Commercial,POLAR,,,,,,EV Charging Point,EV Charging Point,"2 x  3kW 16A  Type 2 Mennekes, 2 x  7kW 32A  Type 2 Mennekes",,,,,,,,,ZapMap,7/11/18,Becki Clark
Novotel Birmingham City Centre,"70 Broad Street, Birmingham, West Midlands, B1 2HT",52.476210,-1.913290,Installed and operating,Operating,Commercial,Commercial,POLAR,,,,,,EV Charging Point,EV Charging Point,2 x  3kW 16A  Type 2 Mennekes,,,,,,,,,ZapMap,7/11/18,Becki Clark
IBIS Birmingham Bordersley Circus Hotel,"1 Bordersley Park Road, Bordesley Green, Birmingham, West Midlands, B10 0PD",52.472670,-1.873650,Installed and operating,Operating,Commercial,Commercial,POD Point Open Charge,,,,,,EV Charging Point,EV Charging Point,4 x  7kW 32A  Type 2 Mennekes,,,,,,,,,ZapMap,7/11/18,Becki Clark
Birmingham Marriott Hotel,"12 Hagley Road, Five Ways, Birmingham, West Midlands, B18 8SJ",52.471900,-1.930900,Installed and operating,Operating,Commercial,Commercial,Other,,,,,,EV Charging Point,EV Charging Point,1 x  7kW 32A  Type 2 Mennekes,,,,,,,,,ZapMap,7/11/18,Becki Clark
Domestic RHI Deployment,Birmingham City,52.480531,-1.897574,Installed and operating,Operating,Private,Private,N/A,Various,,,,,Domestic RHI Accredited Installations,RHI,Various,,,,,,52 accredited installations as of February 2018,,,https://www.gov.uk/government/statistics/rhi-deployment-data-february-2018,7/11/18,Becki Clark
Non-domestic RHI Deployment,Birmingham City,52.480531,-1.897574,Installed and operating,Operating,"Private, Commercial, Council.",Mixture,Mixture,Various,,,9.3,,,RHI,,,,,,,24 accredited installations totalling 9.3 MW heat as of February 2018,,,https://www.ofgem.gov.uk/environmental-programmes/non-domestic-rhi/contacts-guidance-and-resources/public-reports-and-data and https://www.gov.uk/government/statistics/rhi-deployment-data-february-2018,7/11/18,Becki Clark
Witton Hydro,"87 Witton Lodge Rd, Birmingham B23 5JD",52.536693,-1.868473,Proposed,Planned,,Mixture,,,0.004,,,,Hydroelectric,Hydroelectric ,,,11,,,,,,,Community Workshops,11/28/2018,
Witton Lodge Eco Centre,"87 Witton Lodge Rd, Birmingham B23 5JD",52.536693,-1.868473,Proposed,Planned,,Mixture,,,0,,,,Micro hydro,Hydroelectric ,,,0,,,,,,,Community Workshops,11/28/2018,
Edgbaston Hydro,"Edgbaston Resevoir, Birmingham B16 0AA",52.479868,-1.937105,Potential,Potential,,Mixture,,,,,,,,Hydroelectric ,,,0,,,,,,,Community Workshops,11/28/2018,
Sutton Park Hydro & Bio Energy,"Thornhill Rd, Sutton Coldfield B74 3EW",52.583586,-1.873797,Potential ,Potential,,Mixture,,,,,,,,Hydroelectric ,,,0,,,,,,,Community Workshops,11/28/2018,
Minworth AD Plant,"Kingsbury Rd, Minworth, Sutton Coldfield B76 9DP",52.530036,-1.755217,Operating,Operating,Severn Trent Water,Commercial,STW,STW,8,,,,AD Gas to grid,Anaerobic Digestion,,,21529,,,,,,,Community Workshops,11/28/2018,
Moseley Road Baths,"Moseley Rd, Baths, Birmingham B12 9BX",52.457601,-1.88577,Potential,Potential,,Mixture,,,N/A,,,,,Energy and Watersaving,,,,,,,,,,Community Workshops,11/28/2018,